{
	"version": 1,
	"changelists": [
		{
			"guid": "00000000000000000000000000000000",
			"description": "Default Uncontrolled Changelist",
			"files": [
				"C:/Users/PC/Desktop/Screen_Gizmos 5.2/Content/Screen_Gizmos/Materials/M_PPV_stylize.uasset",
				"C:/Users/PC/Desktop/Screen_Gizmos 5.2/Content/Screen_Gizmos/Maps/Showcase.umap",
				"C:/Users/PC/Desktop/Screen_Gizmos 5.2/Content/Screen_Gizmos/Custom_Support/EUB_Setting.uasset",
				"E:/Users/Desktop/Screen-Gizmos-v1.6.2-main/Screen_Gizmos 5.2/Content/Screen_Gizmos/Custom_Support/EUB_Setting.uasset",
				"E:/Users/Desktop/Screen-Gizmos-v1.6.2-main/Screen_Gizmos 5.2/Content/Screen_Gizmos/Render_target/RT_button_Opacity.uasset",
				"E:/Users/Desktop/Screen-Gizmos-v1.6.2-main/Screen_Gizmos 5.2/Content/Screen_Gizmos/Render_target/RT_button_style.uasset",
				"E:/Users/Desktop/Screen-Gizmos-v1.6.2-main/Screen_Gizmos 5.2/Content/Screen_Gizmos/Render_target/RT_main_basecolor.uasset",
				"E:/Users/Desktop/Screen-Gizmos-v1.6.2-main/Screen_Gizmos 5.2/Content/Screen_Gizmos/Render_target/RT_main_Opacity.uasset",
				"E:/Users/Desktop/Screen-Gizmos-v1.6.2-main/Screen_Gizmos 5.2/Content/Screen_Gizmos/Blueprints/Parents/BP_SGcontroller.uasset",
				"E:/Users/Desktop/Screen-Gizmos-v1.6.2-main/Screen_Gizmos 5.2/Content/Screen_Gizmos/Maps/Showcase.umap",
				"E:/Users/Desktop/Screen-Gizmos-v1.6.2-main/Screen_Gizmos 5.2/Content/Screen_Gizmos/Objects/M_spherre.uasset",
				"E:/Users/Desktop/Screen-Gizmos-v1.6.2-main/Screen_Gizmos 5.2/Content/Screen_Gizmos/Custom_Support/M_Gizmos_test.uasset",
				"E:/Users/Desktop/Screen-Gizmos-v1.6.2-main/Screen_Gizmos 5.2/Content/Screen_Gizmos/Objects/M_main.uasset",
				"E:/Users/Desktop/Screen-Gizmos-v1.6.2-main/Screen_Gizmos 5.2/Content/Screen_Gizmos/Materials/M_style_sample.uasset",
				"E:/Users/Desktop/Screen-Gizmos-v1.6.2-main/Screen_Gizmos 5.2/Content/Screen_Gizmos/Materials/M_PPV_stylize.uasset",
				"E:/Users/Desktop/Screen-Gizmos-v1.6.2-main/Screen_Gizmos 5.2/Content/Screen_Gizmos/Materials/M_PPV_custom.uasset",
				"E:/Users/Desktop/Screen-Gizmos-v1.6.2-main/Screen_Gizmos 5.2/Content/Screen_Gizmos/Materials/M_PPV_Classic.uasset",
				"E:/Users/Desktop/Screen-Gizmos-v1.6.2-main/Screen_Gizmos 5.2/Content/Screen_Gizmos/Materials/MaterialFunctions/MF_CustomDepthTest.uasset",
				"E:/Users/Desktop/Screen-Gizmos-v1.6.2-main/Screen_Gizmos 5.2/Content/Screen_Gizmos/Materials/MaterialFunctions/MF_DistanceTest.uasset",
				"E:/Users/Desktop/Screen-Gizmos-v1.6.2-main/Screen_Gizmos 5.2/Content/Screen_Gizmos/Materials/MaterialFunctions/MF_gizmos.uasset",
				"E:/Users/Desktop/Screen-Gizmos-v1.6.2-main/Screen_Gizmos 5.2/Content/Screen_Gizmos/Materials/MaterialFunctions/MF_NormalTest.uasset",
				"E:/Users/Desktop/Screen-Gizmos-v1.6.2-main/Screen_Gizmos 5.2/Content/Screen_Gizmos/Materials/MaterialFunctions/MF_UVoutput.uasset",
				"E:/Users/Desktop/Screen-Gizmos-v1.6.2-main/Screen_Gizmos 5.2/Content/Screen_Gizmos/Materials/MaterialFunctions/MF_Width.uasset",
				"E:/Users/Desktop/Screen-Gizmos-v1.6.2-main/Screen_Gizmos 5.2/Content/Screen_Gizmos/Materials/MF_width.uasset",
				"E:/Users/Desktop/Screen-Gizmos-v1.6.2-main/Screen_Gizmos 5.2/Content/Screen_Gizmos/Materials/MF_UVoutput.uasset",
				"E:/Users/Desktop/Screen-Gizmos-v1.6.2-main/Screen_Gizmos 5.2/Content/Screen_Gizmos/Materials/MF_NormalTest.uasset",
				"E:/Users/Desktop/Screen-Gizmos-v1.6.2-main/Screen_Gizmos 5.2/Content/Screen_Gizmos/Materials/MF_gizmos.uasset",
				"E:/Users/Desktop/Screen-Gizmos-v1.6.2-main/Screen_Gizmos 5.2/Content/Screen_Gizmos/Materials/MF_distancetest.uasset",
				"E:/Users/Desktop/Screen-Gizmos-v1.6.2-main/Screen_Gizmos 5.2/Content/Screen_Gizmos/Materials/MF_CustomDepthTest.uasset",
				"E:/Users/Desktop/Screen-Gizmos-v1.6.2-main/Screen_Gizmos 5.2/Content/Screen_Gizmos/Blueprints/Parents/BFL_Loader.uasset",
				"E:/Users/Desktop/Screen-Gizmos-v1.6.2-main/Screen_Gizmos 5.2/Content/Screen_Gizmos/Custom_Support/MI_transform_custom.uasset",
				"E:/Users/Desktop/Screen-Gizmos-v1.6.2-main/Screen_Gizmos 5.2/Content/Screen_Gizmos/Materials/MaterialInstances/MI_Classic.uasset",
				"E:/Users/Desktop/Screen-Gizmos-v1.6.2-main/Screen_Gizmos 5.2/Content/Screen_Gizmos/Materials/MaterialInstances/MI_custom.uasset",
				"E:/Users/Desktop/Screen-Gizmos-v1.6.2-main/Screen_Gizmos 5.2/Content/Screen_Gizmos/Materials/MaterialInstances/MI_stylize.uasset",
				"E:/Users/Desktop/Screen-Gizmos-v1.6.2-main/Screen_Gizmos 5.2/Content/Screen_Gizmos/Materials/MI_stylize.uasset",
				"E:/Users/Desktop/Screen-Gizmos-v1.6.2-main/Screen_Gizmos 5.2/Content/Screen_Gizmos/Materials/MI_custom.uasset",
				"E:/Users/Desktop/Screen-Gizmos-v1.6.2-main/Screen_Gizmos 5.2/Content/Screen_Gizmos/Materials/MI_Classic.uasset",
				"E:/Users/Desktop/Screen-Gizmos-v1.6.2-main/Screen_Gizmos 5.2/Content/Screen_Gizmos/Materials/MaterialFunctions/MF_TransformUV.uasset",
				"E:/Users/Desktop/Screen-Gizmos-v1.6.2-main/Screen_Gizmos 5.0 5.2/Content/Screen_Gizmos/Maps/Showcase.umap"
			]
		}
	]
}